Key,Value
1,0.694296658039093
2,0.1751590520143509
3,0.07515909522771835
